method,tokens_per_sec
baseline,74.00000494003329
kv_cache,74.842427870128
4_bit,54.18991114868213
8_bit,25.327017295033897